year,vegetable,group,harvest_t,source_file,source_cell,source_symbol
1973,ばれいしょ,根菜類,3413000,roots.xls,AJ8,
1973,キャベツ,葉茎菜類,1386000,leaves.xls,R8,
1973,たまねぎ,葉茎菜類,993900,leaves.xls,DG8,
1973,だいこん,根菜類,2681000,roots.xls,C8,
1973,はくさい,葉茎菜類,1779000,leaves.xls,C8,
1973,トマト,果菜類,865000,fruits.xls,X8,
1973,レタス,葉茎菜類,225900,leaves.xls,BQ8,
1973,にんじん,根菜類,477500,roots.xls,R8,
1973,きゅうり,果菜類,1001000,fruits.xls,C8,
1973,ねぎ,葉茎菜類,566300,leaves.xls,CO8,
1973,なす,果菜類,713700,fruits.xls,O8,
1973,ほうれんそう,葉茎菜類,343700,leaves.xls,AG8,
1973,ブロッコリー,葉茎菜類,,leaves.xls,BN8,…
1973,ピーマン,果菜類,144000,fruits.xls,AV8,
1973,さといも,根菜類,384600,roots.xls,AS8,
1974,ばれいしょ,根菜類,2942000,roots.xls,AJ9,
1974,キャベツ,葉茎菜類,1433000,leaves.xls,R9,
1974,たまねぎ,葉茎菜類,1031000,leaves.xls,DG9,
1974,だいこん,根菜類,2724000,roots.xls,C9,
1974,はくさい,葉茎菜類,1712000,leaves.xls,C9,
1974,トマト,果菜類,821500,fruits.xls,X9,
1974,レタス,葉茎菜類,246100,leaves.xls,BQ9,
1974,にんじん,根菜類,513800,roots.xls,R9,
1974,きゅうり,果菜類,962500,fruits.xls,C9,
1974,ねぎ,葉茎菜類,554500,leaves.xls,CO9,
1974,なす,果菜類,662500,fruits.xls,O9,
1974,ほうれんそう,葉茎菜類,334900,leaves.xls,AG9,
1974,ブロッコリー,葉茎菜類,,leaves.xls,BN9,…
1974,ピーマン,果菜類,139500,fruits.xls,AV9,
1974,さといも,根菜類,430300,roots.xls,AS9,
1975,ばれいしょ,根菜類,3261000,roots.xls,AJ10,
1975,キャベツ,葉茎菜類,1423000,leaves.xls,R10,
1975,たまねぎ,葉茎菜類,1032000,leaves.xls,DG10,
1975,だいこん,根菜類,2545000,roots.xls,C10,
1975,はくさい,葉茎菜類,1607000,leaves.xls,C10,
1975,トマト,果菜類,1024000,fruits.xls,X10,
1975,レタス,葉茎菜類,258400,leaves.xls,BQ10,
1975,にんじん,根菜類,495200,roots.xls,R10,
1975,きゅうり,果菜類,1023000,fruits.xls,C10,
1975,ねぎ,葉茎菜類,554600,leaves.xls,CO10,
1975,なす,果菜類,668400,fruits.xls,O10,
1975,ほうれんそう,葉茎菜類,345900,leaves.xls,AG10,
1975,ブロッコリー,葉茎菜類,,leaves.xls,BN10,…
1975,ピーマン,果菜類,146800,fruits.xls,AV10,
1975,さといも,根菜類,370200,roots.xls,AS10,
1976,ばれいしょ,根菜類,3742000,roots.xls,AJ11,
1976,キャベツ,葉茎菜類,1468000,leaves.xls,R11,
1976,たまねぎ,葉茎菜類,1123000,leaves.xls,DG11,
1976,だいこん,根菜類,2671000,roots.xls,C11,
1976,はくさい,葉茎菜類,1668000,leaves.xls,C11,
1976,トマト,果菜類,900200,fruits.xls,X11,
1976,レタス,葉茎菜類,281800,leaves.xls,BQ11,
1976,にんじん,根菜類,542100,roots.xls,R11,
1976,きゅうり,果菜類,996400,fruits.xls,C11,
1976,ねぎ,葉茎菜類,537100,leaves.xls,CO11,
1976,なす,果菜類,623600,fruits.xls,O11,
1976,ほうれんそう,葉茎菜類,331300,leaves.xls,AG11,
1976,ブロッコリー,葉茎菜類,,leaves.xls,BN11,…
1976,ピーマン,果菜類,149100,fruits.xls,AV11,
1976,さといも,根菜類,425500,roots.xls,AS11,
1977,ばれいしょ,根菜類,3520000,roots.xls,AJ12,
1977,キャベツ,葉茎菜類,1532000,leaves.xls,R12,
1977,たまねぎ,葉茎菜類,1121000,leaves.xls,DG12,
1977,だいこん,根菜類,2759000,roots.xls,C12,
1977,はくさい,葉茎菜類,1743000,leaves.xls,C12,
1977,トマト,果菜類,974200,fruits.xls,X12,
1977,レタス,葉茎菜類,322800,leaves.xls,BQ12,
1977,にんじん,根菜類,584900,roots.xls,R12,
1977,きゅうり,果菜類,1068000,fruits.xls,C12,
1977,ねぎ,葉茎菜類,554100,leaves.xls,CO12,
1977,なす,果菜類,658000,fruits.xls,O12,
1977,ほうれんそう,葉茎菜類,351700,leaves.xls,AG12,
1977,ブロッコリー,葉茎菜類,,leaves.xls,BN12,…
1977,ピーマン,果菜類,166400,fruits.xls,AV12,
1977,さといも,根菜類,430200,roots.xls,AS12,
1978,ばれいしょ,根菜類,3316000,roots.xls,AJ13,
1978,キャベツ,葉茎菜類,1505000,leaves.xls,R13,
1978,たまねぎ,葉茎菜類,1114000,leaves.xls,DG13,
1978,だいこん,根菜類,2705000,roots.xls,C13,
1978,はくさい,葉茎菜類,1731000,leaves.xls,C13,
1978,トマト,果菜類,992500,fruits.xls,X13,
1978,レタス,葉茎菜類,337500,leaves.xls,BQ13,
1978,にんじん,根菜類,545900,roots.xls,R13,
1978,きゅうり,果菜類,1065000,fruits.xls,C13,
1978,ねぎ,葉茎菜類,564500,leaves.xls,CO13,
1978,なす,果菜類,662600,fruits.xls,O13,
1978,ほうれんそう,葉茎菜類,373000,leaves.xls,AG13,
1978,ブロッコリー,葉茎菜類,,leaves.xls,BN13,…
1978,ピーマン,果菜類,168700,fruits.xls,AV13,
1978,さといも,根菜類,340600,roots.xls,AS13,
1979,ばれいしょ,根菜類,3381000,roots.xls,AJ14,
1979,キャベツ,葉茎菜類,1545000,leaves.xls,R14,
1979,たまねぎ,葉茎菜類,1254000,leaves.xls,DG14,
1979,だいこん,根菜類,2575000,roots.xls,C14,
1979,はくさい,葉茎菜類,1411000,leaves.xls,C14,
1979,トマト,果菜類,1038000,fruits.xls,X14,
1979,レタス,葉茎菜類,347600,leaves.xls,BQ14,
1979,にんじん,根菜類,586000,roots.xls,R14,
1979,きゅうり,果菜類,1089000,fruits.xls,C14,
1979,ねぎ,葉茎菜類,549600,leaves.xls,CO14,
1979,なす,果菜類,661600,fruits.xls,O14,
1979,ほうれんそう,葉茎菜類,376600,leaves.xls,AG14,
1979,ブロッコリー,葉茎菜類,,leaves.xls,BN14,…
1979,ピーマン,果菜類,173000,fruits.xls,AV14,
1979,さといも,根菜類,446800,roots.xls,AS14,
1980,ばれいしょ,根菜類,3421000,roots.xls,AJ15,
1980,キャベツ,葉茎菜類,1545000,leaves.xls,R15,
1980,たまねぎ,葉茎菜類,1152000,leaves.xls,DG15,
1980,だいこん,根菜類,2690000,roots.xls,C15,
1980,はくさい,葉茎菜類,1616000,leaves.xls,C15,
1980,トマト,果菜類,1014000,fruits.xls,X15,
1980,レタス,葉茎菜類,381300,leaves.xls,BQ15,
1980,にんじん,根菜類,600100,roots.xls,R15,
1980,きゅうり,果菜類,1018000,fruits.xls,C15,
1980,ねぎ,葉茎菜類,538900,leaves.xls,CO15,
1980,なす,果菜類,618700,fruits.xls,O15,
1980,ほうれんそう,葉茎菜類,352100,leaves.xls,AG15,
1980,ブロッコリー,葉茎菜類,,leaves.xls,BN15,…
1980,ピーマン,果菜類,161400,fruits.xls,AV15,
1980,さといも,根菜類,458500,roots.xls,AS15,
1981,ばれいしょ,根菜類,3095000,roots.xls,AJ16,
1981,キャベツ,葉茎菜類,1624000,leaves.xls,R16,
1981,たまねぎ,葉茎菜類,1042000,leaves.xls,DG16,
1981,だいこん,根菜類,2687000,roots.xls,C16,
1981,はくさい,葉茎菜類,1637000,leaves.xls,C16,
1981,トマト,果菜類,944600,fruits.xls,X16,
1981,レタス,葉茎菜類,411600,leaves.xls,BQ16,
1981,にんじん,根菜類,606300,roots.xls,R16,
1981,きゅうり,果菜類,1072000,fruits.xls,C16,
1981,ねぎ,葉茎菜類,568300,leaves.xls,CO16,
1981,なす,果菜類,650300,fruits.xls,O16,
1981,ほうれんそう,葉茎菜類,369200,leaves.xls,AG16,
1981,ブロッコリー,葉茎菜類,,leaves.xls,BN16,…
1981,ピーマン,果菜類,176200,fruits.xls,AV16,
1981,さといも,根菜類,385800,roots.xls,AS16,
1982,ばれいしょ,根菜類,3775000,roots.xls,AJ17,
1982,キャベツ,葉茎菜類,1625000,leaves.xls,R17,
1982,たまねぎ,葉茎菜類,1257000,leaves.xls,DG17,
1982,だいこん,根菜類,2709000,roots.xls,C17,
1982,はくさい,葉茎菜類,1638000,leaves.xls,C17,
1982,トマト,果菜類,890500,fruits.xls,X17,
1982,レタス,葉茎菜類,435200,leaves.xls,BQ17,
1982,にんじん,根菜類,627100,roots.xls,R17,
1982,きゅうり,果菜類,1071000,fruits.xls,C17,
1982,ねぎ,葉茎菜類,520800,leaves.xls,CO17,
1982,なす,果菜類,608400,fruits.xls,O17,
1982,ほうれんそう,葉茎菜類,380300,leaves.xls,AG17,
1982,ブロッコリー,葉茎菜類,,leaves.xls,BN17,…
1982,ピーマン,果菜類,174700,fruits.xls,AV17,
1982,さといも,根菜類,400100,roots.xls,AS17,
1983,ばれいしょ,根菜類,3566000,roots.xls,AJ18,
1983,キャベツ,葉茎菜類,1568000,leaves.xls,R18,
1983,たまねぎ,葉茎菜類,1170000,leaves.xls,DG18,
1983,だいこん,根菜類,2548000,roots.xls,C18,
1983,はくさい,葉茎菜類,1507000,leaves.xls,C18,
1983,トマト,果菜類,790800,fruits.xls,X18,
1983,レタス,葉茎菜類,434200,leaves.xls,BQ18,
1983,にんじん,根菜類,628600,roots.xls,R18,
1983,きゅうり,果菜類,1048000,fruits.xls,C18,
1983,ねぎ,葉茎菜類,548500,leaves.xls,CO18,
1983,なす,果菜類,629400,fruits.xls,O18,
1983,ほうれんそう,葉茎菜類,381400,leaves.xls,AG18,
1983,ブロッコリー,葉茎菜類,,leaves.xls,BN18,…
1983,ピーマン,果菜類,168200,fruits.xls,AV18,
1983,さといも,根菜類,393200,roots.xls,AS18,
1984,ばれいしょ,根菜類,3707000,roots.xls,AJ19,
1984,キャベツ,葉茎菜類,1614000,leaves.xls,R19,
1984,たまねぎ,葉茎菜類,1099000,leaves.xls,DG19,
1984,だいこん,根菜類,2631000,roots.xls,C19,
1984,はくさい,葉茎菜類,1549000,leaves.xls,C19,
1984,トマト,果菜類,804200,fruits.xls,X19,
1984,レタス,葉茎菜類,477500,leaves.xls,BQ19,
1984,にんじん,根菜類,643000,roots.xls,R19,
1984,きゅうり,果菜類,1070000,fruits.xls,C19,
1984,ねぎ,葉茎菜類,562600,leaves.xls,CO19,
1984,なす,果菜類,636600,fruits.xls,O19,
1984,ほうれんそう,葉茎菜類,366400,leaves.xls,AG19,
1984,ブロッコリー,葉茎菜類,,leaves.xls,BN19,…
1984,ピーマン,果菜類,180300,fruits.xls,AV19,
1984,さといも,根菜類,347100,roots.xls,AS19,
1985,ばれいしょ,根菜類,3727000,roots.xls,AJ20,
1985,キャベツ,葉茎菜類,1589000,leaves.xls,R20,
1985,たまねぎ,葉茎菜類,1326000,leaves.xls,DG20,
1985,だいこん,根菜類,2544000,roots.xls,C20,
1985,はくさい,葉茎菜類,1478000,leaves.xls,C20,
1985,トマト,果菜類,802400,fruits.xls,X20,
1985,レタス,葉茎菜類,459000,leaves.xls,BQ20,
1985,にんじん,根菜類,662600,roots.xls,R20,
1985,きゅうり,果菜類,1033000,fruits.xls,C20,
1985,ねぎ,葉茎菜類,552600,leaves.xls,CO20,
1985,なす,果菜類,598500,fruits.xls,O20,
1985,ほうれんそう,葉茎菜類,382500,leaves.xls,AG20,
1985,ブロッコリー,葉茎菜類,,leaves.xls,BN20,…
1985,ピーマン,果菜類,171600,fruits.xls,AV20,
1985,さといも,根菜類,375100,roots.xls,AS20,
1986,ばれいしょ,根菜類,4073000,roots.xls,AJ21,
1986,キャベツ,葉茎菜類,1667000,leaves.xls,R21,
1986,たまねぎ,葉茎菜類,1252000,leaves.xls,DG21,
1986,だいこん,根菜類,2655000,roots.xls,C21,
1986,はくさい,葉茎菜類,1513000,leaves.xls,C21,
1986,トマト,果菜類,816200,fruits.xls,X21,
1986,レタス,葉茎菜類,500500,leaves.xls,BQ21,
1986,にんじん,根菜類,670800,roots.xls,R21,
1986,きゅうり,果菜類,1040000,fruits.xls,C21,
1986,ねぎ,葉茎菜類,573000,leaves.xls,CO21,
1986,なす,果菜類,593700,fruits.xls,O21,
1986,ほうれんそう,葉茎菜類,385500,leaves.xls,AG21,
1986,ブロッコリー,葉茎菜類,,leaves.xls,BN21,…
1986,ピーマン,果菜類,177800,fruits.xls,AV21,
1986,さといも,根菜類,384900,roots.xls,AS21,
1987,ばれいしょ,根菜類,3955000,roots.xls,AJ22,
1987,キャベツ,葉茎菜類,1631000,leaves.xls,R22,
1987,たまねぎ,葉茎菜類,1307000,leaves.xls,DG22,
1987,だいこん,根菜類,2534000,roots.xls,C22,
1987,はくさい,葉茎菜類,1432000,leaves.xls,C22,
1987,トマト,果菜類,837000,fruits.xls,X22,
1987,レタス,葉茎菜類,496800,leaves.xls,BQ22,
1987,にんじん,根菜類,669300,roots.xls,R22,
1987,きゅうり,果菜類,1026000,fruits.xls,C22,
1987,ねぎ,葉茎菜類,563500,leaves.xls,CO22,
1987,なす,果菜類,607200,fruits.xls,O22,
1987,ほうれんそう,葉茎菜類,400100,leaves.xls,AG22,
1987,ブロッコリー,葉茎菜類,,leaves.xls,BN22,…
1987,ピーマン,果菜類,172200,fruits.xls,AV22,
1987,さといも,根菜類,391500,roots.xls,AS22,
1988,ばれいしょ,根菜類,3763000,roots.xls,AJ23,
1988,キャベツ,葉茎菜類,1573000,leaves.xls,R23,
1988,たまねぎ,葉茎菜類,1251000,leaves.xls,DG23,
1988,だいこん,根菜類,2457000,roots.xls,C23,
1988,はくさい,葉茎菜類,1302000,leaves.xls,C23,
1988,トマト,果菜類,775500,fruits.xls,X23,
1988,レタス,葉茎菜類,495400,leaves.xls,BQ23,
1988,にんじん,根菜類,678600,roots.xls,R23,
1988,きゅうり,果菜類,975300,fruits.xls,C23,
1988,ねぎ,葉茎菜類,522400,leaves.xls,CO23,
1988,なす,果菜類,564200,fruits.xls,O23,
1988,ほうれんそう,葉茎菜類,396000,leaves.xls,AG23,
1988,ブロッコリー,葉茎菜類,,leaves.xls,BN23,…
1988,ピーマン,果菜類,170400,fruits.xls,AV23,
1988,さといも,根菜類,397300,roots.xls,AS23,
1989,ばれいしょ,根菜類,3587000,roots.xls,AJ24,
1989,キャベツ,葉茎菜類,1623000,leaves.xls,R24,
1989,たまねぎ,葉茎菜類,1269000,leaves.xls,DG24,
1989,だいこん,根菜類,2449000,roots.xls,C24,
1989,はくさい,葉茎菜類,1334000,leaves.xls,C24,
1989,トマト,果菜類,773100,fruits.xls,X24,
1989,レタス,葉茎菜類,520900,leaves.xls,BQ24,
1989,にんじん,根菜類,685200,roots.xls,R24,
1989,きゅうり,果菜類,975000,fruits.xls,C24,
1989,ねぎ,葉茎菜類,541900,leaves.xls,CO24,
1989,なす,果菜類,567400,fruits.xls,O24,
1989,ほうれんそう,葉茎菜類,378000,leaves.xls,AG24,
1989,ブロッコリー,葉茎菜類,88800,leaves.xls,BN24,
1989,ピーマン,果菜類,182400,fruits.xls,AV24,
1989,さといも,根菜類,363600,roots.xls,AS24,
1990,ばれいしょ,根菜類,3552000,roots.xls,AJ25,
1990,キャベツ,葉茎菜類,1544000,leaves.xls,R25,
1990,たまねぎ,葉茎菜類,1317000,leaves.xls,DG25,
1990,だいこん,根菜類,2336000,roots.xls,C25,
1990,はくさい,葉茎菜類,1220000,leaves.xls,C25,
1990,トマト,果菜類,767100,fruits.xls,X25,
1990,レタス,葉茎菜類,517600,leaves.xls,BQ25,
1990,にんじん,根菜類,654600,roots.xls,R25,
1990,きゅうり,果菜類,931100,fruits.xls,C25,
1990,ねぎ,葉茎菜類,557700,leaves.xls,CO25,
1990,なす,果菜類,554400,fruits.xls,O25,
1990,ほうれんそう,葉茎菜類,384100,leaves.xls,AG25,
1990,ブロッコリー,葉茎菜類,89100,leaves.xls,BN25,
1990,ピーマン,果菜類,171300,fruits.xls,AV25,
1990,さといも,根菜類,315300,roots.xls,AS25,
1991,ばれいしょ,根菜類,3609000,roots.xls,AJ26,
1991,キャベツ,葉茎菜類,1569000,leaves.xls,R26,
1991,たまねぎ,葉茎菜類,1307000,leaves.xls,DG26,
1991,だいこん,根菜類,2317000,roots.xls,C26,
1991,はくさい,葉茎菜類,1154000,leaves.xls,C26,
1991,トマト,果菜類,746100,fruits.xls,X26,
1991,レタス,葉茎菜類,520200,leaves.xls,BQ26,
1991,にんじん,根菜類,660200,roots.xls,R26,
1991,きゅうり,果菜類,889100,fruits.xls,C26,
1991,ねぎ,葉茎菜類,516700,leaves.xls,CO26,
1991,なす,果菜類,514000,fruits.xls,O26,
1991,ほうれんそう,葉茎菜類,373700,leaves.xls,AG26,
1991,ブロッコリー,葉茎菜類,89800,leaves.xls,BN26,
1991,ピーマン,果菜類,155700,fruits.xls,AV26,
1991,さといも,根菜類,353400,roots.xls,AS26,
1992,ばれいしょ,根菜類,3494000,roots.xls,AJ27,
1992,キャベツ,葉茎菜類,1614000,leaves.xls,R27,
1992,たまねぎ,葉茎菜類,1397000,leaves.xls,DG27,
1992,だいこん,根菜類,2346000,roots.xls,C27,
1992,はくさい,葉茎菜類,1205000,leaves.xls,C27,
1992,トマト,果菜類,771700,fruits.xls,X27,
1992,レタス,葉茎菜類,535800,leaves.xls,BQ27,
1992,にんじん,根菜類,690300,roots.xls,R27,
1992,きゅうり,果菜類,898900,fruits.xls,C27,
1992,ねぎ,葉茎菜類,565000,leaves.xls,CO27,
1992,なす,果菜類,519400,fruits.xls,O27,
1992,ほうれんそう,葉茎菜類,364900,leaves.xls,AG27,
1992,ブロッコリー,葉茎菜類,101100,leaves.xls,BN27,
1992,ピーマン,果菜類,166500,fruits.xls,AV27,
1992,さといも,根菜類,304600,roots.xls,AS27,
1993,ばれいしょ,根菜類,3390000,roots.xls,AJ28,
1993,キャベツ,葉茎菜類,1513000,leaves.xls,R28,
1993,たまねぎ,葉茎菜類,1367000,leaves.xls,DG28,
1993,だいこん,根菜類,2224000,roots.xls,C28,
1993,はくさい,葉茎菜類,1185000,leaves.xls,C28,
1993,トマト,果菜類,737500,fruits.xls,X28,
1993,レタス,葉茎菜類,493000,leaves.xls,BQ28,
1993,にんじん,根菜類,709200,roots.xls,R28,
1993,きゅうり,果菜類,835500,fruits.xls,C28,
1993,ねぎ,葉茎菜類,505600,leaves.xls,CO28,
1993,なす,果菜類,448800,fruits.xls,O28,
1993,ほうれんそう,葉茎菜類,378400,leaves.xls,AG28,
1993,ブロッコリー,葉茎菜類,92900,leaves.xls,BN28,
1993,ピーマン,果菜類,156100,fruits.xls,AV28,
1993,さといも,根菜類,299000,roots.xls,AS28,
1994,ばれいしょ,根菜類,3377000,roots.xls,AJ29,
1994,キャベツ,葉茎菜類,1511000,leaves.xls,R29,
1994,たまねぎ,葉茎菜類,1109000,leaves.xls,DG29,
1994,だいこん,根菜類,2154000,roots.xls,C29,
1994,はくさい,葉茎菜類,1118000,leaves.xls,C29,
1994,トマト,果菜類,757700,fruits.xls,X29,
1994,レタス,葉茎菜類,528000,leaves.xls,BQ29,
1994,にんじん,根菜類,658300,roots.xls,R29,
1994,きゅうり,果菜類,865500,fruits.xls,C29,
1994,ねぎ,葉茎菜類,524600,leaves.xls,CO29,
1994,なす,果菜類,510100,fruits.xls,O29,
1994,ほうれんそう,葉茎菜類,367300,leaves.xls,AG29,
1994,ブロッコリー,葉茎菜類,84100,leaves.xls,BN29,
1994,ピーマン,果菜類,164800,fruits.xls,AV29,
1994,さといも,根菜類,238400,roots.xls,AS29,
1995,ばれいしょ,根菜類,3365000,roots.xls,AJ30,
1995,キャベツ,葉茎菜類,1544000,leaves.xls,R30,
1995,たまねぎ,葉茎菜類,1278000,leaves.xls,DG30,
1995,だいこん,根菜類,2148000,roots.xls,C30,
1995,はくさい,葉茎菜類,1163000,leaves.xls,C30,
1995,トマト,果菜類,753100,fruits.xls,X30,
1995,レタス,葉茎菜類,537300,leaves.xls,BQ30,
1995,にんじん,根菜類,724700,roots.xls,R30,
1995,きゅうり,果菜類,826500,fruits.xls,C30,
1995,ねぎ,葉茎菜類,533500,leaves.xls,CO30,
1995,なす,果菜類,478400,fruits.xls,O30,
1995,ほうれんそう,葉茎菜類,360400,leaves.xls,AG30,
1995,ブロッコリー,葉茎菜類,78300,leaves.xls,BN30,
1995,ピーマン,果菜類,169300,fruits.xls,AV30,
1995,さといも,根菜類,254300,roots.xls,AS30,
1996,ばれいしょ,根菜類,3087000,roots.xls,AJ31,
1996,キャベツ,葉茎菜類,1539000,leaves.xls,R31,
1996,たまねぎ,葉茎菜類,1262000,leaves.xls,DG31,
1996,だいこん,根菜類,2132000,roots.xls,C31,
1996,はくさい,葉茎菜類,1162000,leaves.xls,C31,
1996,トマト,果菜類,796300,fruits.xls,X31,
1996,レタス,葉茎菜類,548400,leaves.xls,BQ31,
1996,にんじん,根菜類,736200,roots.xls,R31,
1996,きゅうり,果菜類,823000,fruits.xls,C31,
1996,ねぎ,葉茎菜類,546800,leaves.xls,CO31,
1996,なす,果菜類,481000,fruits.xls,O31,
1996,ほうれんそう,葉茎菜類,358600,leaves.xls,AG31,
1996,ブロッコリー,葉茎菜類,85100,leaves.xls,BN31,
1996,ピーマン,果菜類,166300,fruits.xls,AV31,
1996,さといも,根菜類,254100,roots.xls,AS31,
1997,ばれいしょ,根菜類,3395000,roots.xls,AJ32,
1997,キャベツ,葉茎菜類,1502000,leaves.xls,R32,
1997,たまねぎ,葉茎菜類,1257000,leaves.xls,DG32,
1997,だいこん,根菜類,2020000,roots.xls,C32,
1997,はくさい,葉茎菜類,1135000,leaves.xls,C32,
1997,トマト,果菜類,780400,fruits.xls,X32,
1997,レタス,葉茎菜類,532700,leaves.xls,BQ32,
1997,にんじん,根菜類,716100,roots.xls,R32,
1997,きゅうり,果菜類,797600,fruits.xls,C32,
1997,ねぎ,葉茎菜類,549200,leaves.xls,CO32,
1997,なす,果菜類,475000,fruits.xls,O32,
1997,ほうれんそう,葉茎菜類,331000,leaves.xls,AG32,
1997,ブロッコリー,葉茎菜類,84500,leaves.xls,BN32,
1997,ピーマン,果菜類,168600,fruits.xls,AV32,
1997,さといも,根菜類,270000,roots.xls,AS32,
1998,ばれいしょ,根菜類,3073000,roots.xls,AJ33,
1998,キャベツ,葉茎菜類,1407000,leaves.xls,R33,
1998,たまねぎ,葉茎菜類,1355000,leaves.xls,DG33,
1998,だいこん,根菜類,1902000,roots.xls,C33,
1998,はくさい,葉茎菜類,989900,leaves.xls,C33,
1998,トマト,果菜類,763600,fruits.xls,X33,
1998,レタス,葉茎菜類,506300,leaves.xls,BQ33,
1998,にんじん,根菜類,648100,roots.xls,R33,
1998,きゅうり,果菜類,746300,fruits.xls,C33,
1998,ねぎ,葉茎菜類,508500,leaves.xls,CO33,
1998,なす,果菜類,458800,fruits.xls,O33,
1998,ほうれんそう,葉茎菜類,322300,leaves.xls,AG33,
1998,ブロッコリー,葉茎菜類,73500,leaves.xls,BN33,
1998,ピーマン,果菜類,160000,fruits.xls,AV33,
1998,さといも,根菜類,258400,roots.xls,AS33,
1999,ばれいしょ,根菜類,2963000,roots.xls,AJ34,
1999,キャベツ,葉茎菜類,1476000,leaves.xls,R34,
1999,たまねぎ,葉茎菜類,1205000,leaves.xls,DG34,
1999,だいこん,根菜類,1948000,roots.xls,C34,
1999,はくさい,葉茎菜類,1079000,leaves.xls,C34,
1999,トマト,果菜類,769000,fruits.xls,X34,
1999,レタス,葉茎菜類,540500,leaves.xls,BQ34,
1999,にんじん,根菜類,676700,roots.xls,R34,
1999,きゅうり,果菜類,766000,fruits.xls,C34,
1999,ねぎ,葉茎菜類,532400,leaves.xls,CO34,
1999,なす,果菜類,473300,fruits.xls,O34,
1999,ほうれんそう,葉茎菜類,329000,leaves.xls,AG34,
1999,ブロッコリー,葉茎菜類,83600,leaves.xls,BN34,
1999,ピーマン,果菜類,165100,fruits.xls,AV34,
1999,さといも,根菜類,247700,roots.xls,AS34,
2000,ばれいしょ,根菜類,2898000,roots.xls,AJ35,
2000,キャベツ,葉茎菜類,1449000,leaves.xls,R35,
2000,たまねぎ,葉茎菜類,1247000,leaves.xls,DG35,
2000,だいこん,根菜類,1876000,roots.xls,C35,
2000,はくさい,葉茎菜類,1036000,leaves.xls,C35,
2000,トマト,果菜類,806300,fruits.xls,X35,
2000,レタス,葉茎菜類,537200,leaves.xls,BQ35,
2000,にんじん,根菜類,681700,roots.xls,R35,
2000,きゅうり,果菜類,766500,fruits.xls,C35,
2000,ねぎ,葉茎菜類,536700,leaves.xls,CO35,
2000,なす,果菜類,476900,fruits.xls,O35,
2000,ほうれんそう,葉茎菜類,316400,leaves.xls,AG35,
2000,ブロッコリー,葉茎菜類,82900,leaves.xls,BN35,
2000,ピーマン,果菜類,171400,fruits.xls,AV35,
2000,さといも,根菜類,230500,roots.xls,AS35,
2001,ばれいしょ,根菜類,2959000,roots.xls,AJ36,
2001,キャベツ,葉茎菜類,1435000,leaves.xls,R36,
2001,たまねぎ,葉茎菜類,1259000,leaves.xls,DG36,
2001,だいこん,根菜類,1868000,roots.xls,C36,
2001,はくさい,葉茎菜類,1038000,leaves.xls,C36,
2001,トマト,果菜類,797800,fruits.xls,X36,
2001,レタス,葉茎菜類,554200,leaves.xls,BQ36,
2001,にんじん,根菜類,691300,roots.xls,R36,
2001,きゅうり,果菜類,735500,fruits.xls,C36,
2001,ねぎ,葉茎菜類,526800,leaves.xls,CO36,
2001,なす,果菜類,448000,fruits.xls,O36,
2001,ほうれんそう,葉茎菜類,319300,leaves.xls,AG36,
2001,ブロッコリー,葉茎菜類,89200,leaves.xls,BN36,
2001,ピーマン,果菜類,159400,fruits.xls,AV36,
2001,さといも,根菜類,217800,roots.xls,AS36,
2002,ばれいしょ,根菜類,3074000,roots.xls,AJ37,
2002,キャベツ,葉茎菜類,1392000,leaves.xls,R37,
2002,たまねぎ,葉茎菜類,1274000,leaves.xls,DG37,
2002,だいこん,根菜類,1780000,roots.xls,C37,
2002,はくさい,葉茎菜類,1005000,leaves.xls,C37,
2002,トマト,果菜類,784900,fruits.xls,X37,
2002,レタス,葉茎菜類,561600,leaves.xls,BQ37,
2002,にんじん,根菜類,643700,roots.xls,R37,
2002,きゅうり,果菜類,729200,fruits.xls,C37,
2002,ねぎ,葉茎菜類,518700,leaves.xls,CO37,
2002,なす,果菜類,432300,fruits.xls,O37,
2002,ほうれんそう,葉茎菜類,311800,leaves.xls,AG37,
2002,ブロッコリー,葉茎菜類,94200,leaves.xls,BN37,
2002,ピーマン,果菜類,161000,fruits.xls,AV37,
2002,さといも,根菜類,208900,roots.xls,AS37,
2003,ばれいしょ,根菜類,2939000,roots.xls,AJ38,
2003,キャベツ,葉茎菜類,1376000,leaves.xls,R38,
2003,たまねぎ,葉茎菜類,1172000,leaves.xls,DG38,
2003,だいこん,根菜類,1752000,roots.xls,C38,
2003,はくさい,葉茎菜類,964500,leaves.xls,C38,
2003,トマト,果菜類,759900,fruits.xls,X38,
2003,レタス,葉茎菜類,548600,leaves.xls,BQ38,
2003,にんじん,根菜類,658900,roots.xls,R38,
2003,きゅうり,果菜類,684100,fruits.xls,C38,
2003,ねぎ,葉茎菜類,514600,leaves.xls,CO38,
2003,なす,果菜類,395800,fruits.xls,O38,
2003,ほうれんそう,葉茎菜類,311800,leaves.xls,AG38,
2003,ブロッコリー,葉茎菜類,107500,leaves.xls,BN38,
2003,ピーマン,果菜類,151500,fruits.xls,AV38,
2003,さといも,根菜類,209400,roots.xls,AS38,
2004,ばれいしょ,根菜類,2888000,roots.xls,AJ39,
2004,キャベツ,葉茎菜類,1279000,leaves.xls,R39,
2004,たまねぎ,葉茎菜類,1128000,leaves.xls,DG39,
2004,だいこん,根菜類,1620000,roots.xls,C39,
2004,はくさい,葉茎菜類,887600,leaves.xls,C39,
2004,トマト,果菜類,754900,fruits.xls,X39,
2004,レタス,葉茎菜類,509300,leaves.xls,BQ39,
2004,にんじん,根菜類,615700,roots.xls,R39,
2004,きゅうり,果菜類,673000,fruits.xls,C39,
2004,ねぎ,葉茎菜類,485500,leaves.xls,CO39,
2004,なす,果菜類,390200,fruits.xls,O39,
2004,ほうれんそう,葉茎菜類,288700,leaves.xls,AG39,
2004,ブロッコリー,葉茎菜類,93500,leaves.xls,BN39,
2004,ピーマン,果菜類,153400,fruits.xls,AV39,
2004,さといも,根菜類,184800,roots.xls,AS39,
2005,ばれいしょ,根菜類,2752000,roots.xls,AJ40,
2005,キャベツ,葉茎菜類,1364000,leaves.xls,R40,
2005,たまねぎ,葉茎菜類,1087000,leaves.xls,DG40,
2005,だいこん,根菜類,1627000,roots.xls,C40,
2005,はくさい,葉茎菜類,924300,leaves.xls,C40,
2005,トマト,果菜類,759200,fruits.xls,X40,
2005,レタス,葉茎菜類,551700,leaves.xls,BQ40,
2005,にんじん,根菜類,614900,roots.xls,R40,
2005,きゅうり,果菜類,674600,fruits.xls,C40,
2005,ねぎ,葉茎菜類,493500,leaves.xls,CO40,
2005,なす,果菜類,395700,fruits.xls,O40,
2005,ほうれんそう,葉茎菜類,298200,leaves.xls,AG40,
2005,ブロッコリー,葉茎菜類,105200,leaves.xls,BN40,
2005,ピーマン,果菜類,153800,fruits.xls,AV40,
2005,さといも,根菜類,184500,roots.xls,AS40,
2006,ばれいしょ,根菜類,2635000,roots.xls,AJ41,
2006,キャベツ,葉茎菜類,1372000,leaves.xls,R41,
2006,たまねぎ,葉茎菜類,1161000,leaves.xls,DG41,
2006,だいこん,根菜類,1650000,roots.xls,C41,
2006,はくさい,葉茎菜類,942300,leaves.xls,C41,
2006,トマト,果菜類,728300,fruits.xls,X41,
2006,レタス,葉茎菜類,545400,leaves.xls,BQ41,
2006,にんじん,根菜類,624100,roots.xls,R41,
2006,きゅうり,果菜類,628500,fruits.xls,C41,
2006,ねぎ,葉茎菜類,491900,leaves.xls,CO41,
2006,なす,果菜類,371900,fruits.xls,O41,
2006,ほうれんそう,葉茎菜類,298800,leaves.xls,AG41,
2006,ブロッコリー,葉茎菜類,122000,leaves.xls,BN41,
2006,ピーマン,果菜類,146800,fruits.xls,AV41,
2006,さといも,根菜類,174700,roots.xls,AS41,
2007,ばれいしょ,根菜類,2873000,roots.xls,AJ42,
2007,キャベツ,葉茎菜類,1359000,leaves.xls,R42,
2007,たまねぎ,葉茎菜類,1265000,leaves.xls,DG42,
2007,だいこん,根菜類,1626000,roots.xls,C42,
2007,はくさい,葉茎菜類,917500,leaves.xls,C42,
2007,トマト,果菜類,749200,fruits.xls,X42,
2007,レタス,葉茎菜類,543700,leaves.xls,BQ42,
2007,にんじん,根菜類,665900,roots.xls,R42,
2007,きゅうり,果菜類,641000,fruits.xls,C42,
2007,ねぎ,葉茎菜類,494800,leaves.xls,CO42,
2007,なす,果菜類,371800,fruits.xls,O42,
2007,ほうれんそう,葉茎菜類,298200,leaves.xls,AG42,
2007,ブロッコリー,葉茎菜類,125000,leaves.xls,BN42,
2007,ピーマン,果菜類,149600,fruits.xls,AV42,
2007,さといも,根菜類,173200,roots.xls,AS42,
2008,ばれいしょ,根菜類,2743000,roots.xls,AJ43,
2008,キャベツ,葉茎菜類,1389000,leaves.xls,R43,
2008,たまねぎ,葉茎菜類,1271000,leaves.xls,DG43,
2008,だいこん,根菜類,1603000,roots.xls,C43,
2008,はくさい,葉茎菜類,921400,leaves.xls,C43,
2008,トマト,果菜類,732800,fruits.xls,X43,
2008,レタス,葉茎菜類,544300,leaves.xls,BQ43,
2008,にんじん,根菜類,656800,roots.xls,R43,
2008,きゅうり,果菜類,627400,fruits.xls,C43,
2008,ねぎ,葉茎菜類,510200,leaves.xls,CO43,
2008,なす,果菜類,365900,fruits.xls,O43,
2008,ほうれんそう,葉茎菜類,292700,leaves.xls,AG43,
2008,ブロッコリー,葉茎菜類,136900,leaves.xls,BN43,
2008,ピーマン,果菜類,150300,fruits.xls,AV43,
2008,さといも,根菜類,179700,roots.xls,AS43,
2009,ばれいしょ,根菜類,2459000,roots.xls,AJ44,
2009,キャベツ,葉茎菜類,1385000,leaves.xls,R44,
2009,たまねぎ,葉茎菜類,1161000,leaves.xls,DG44,
2009,だいこん,根菜類,1593000,roots.xls,C44,
2009,はくさい,葉茎菜類,924100,leaves.xls,C44,
2009,トマト,果菜類,717600,fruits.xls,X44,
2009,レタス,葉茎菜類,549800,leaves.xls,BQ44,
2009,にんじん,根菜類,650100,roots.xls,R44,
2009,きゅうり,果菜類,620200,fruits.xls,C44,
2009,ねぎ,葉茎菜類,508400,leaves.xls,CO44,
2009,なす,果菜類,349100,fruits.xls,O44,
2009,ほうれんそう,葉茎菜類,286300,leaves.xls,AG44,
2009,ブロッコリー,葉茎菜類,141100,leaves.xls,BN44,
2009,ピーマン,果菜類,142700,fruits.xls,AV44,
2009,さといも,根菜類,182400,roots.xls,AS44,
2010,ばれいしょ,根菜類,2290000,roots.xls,AJ45,
2010,キャベツ,葉茎菜類,1360000,leaves.xls,R45,
2010,たまねぎ,葉茎菜類,1042000,leaves.xls,DG45,
2010,だいこん,根菜類,1496000,roots.xls,C45,
2010,はくさい,葉茎菜類,888700,leaves.xls,C45,
2010,トマト,果菜類,690900,fruits.xls,X45,
2010,レタス,葉茎菜類,537900,leaves.xls,BQ45,
2010,にんじん,根菜類,595700,roots.xls,R45,
2010,きゅうり,果菜類,587800,fruits.xls,C45,
2010,ねぎ,葉茎菜類,477500,leaves.xls,CO45,
2010,なす,果菜類,330100,fruits.xls,O45,
2010,ほうれんそう,葉茎菜類,269000,leaves.xls,AG45,
2010,ブロッコリー,葉茎菜類,129200,leaves.xls,BN45,
2010,ピーマン,果菜類,137300,fruits.xls,AV45,
2010,さといも,根菜類,167600,roots.xls,AS45,
2011,ばれいしょ,根菜類,2387000,roots.xls,AJ46,
2011,キャベツ,葉茎菜類,1375000,leaves.xls,R46,
2011,たまねぎ,葉茎菜類,1070000,leaves.xls,DG46,
2011,だいこん,根菜類,1493000,roots.xls,C46,
2011,はくさい,葉茎菜類,897400,leaves.xls,C46,
2011,トマト,果菜類,703100,fruits.xls,X46,
2011,レタス,葉茎菜類,542400,leaves.xls,BQ46,
2011,にんじん,根菜類,617300,roots.xls,R46,
2011,きゅうり,果菜類,584600,fruits.xls,C46,
2011,ねぎ,葉茎菜類,485100,leaves.xls,CO46,
2011,なす,果菜類,322400,fruits.xls,O46,
2011,ほうれんそう,葉茎菜類,263500,leaves.xls,AG46,
2011,ブロッコリー,葉茎菜類,130200,leaves.xls,BN46,
2011,ピーマン,果菜類,141800,fruits.xls,AV46,
2011,さといも,根菜類,171300,roots.xls,AS46,
2012,ばれいしょ,根菜類,2500000,roots.xls,AJ47,
2012,キャベツ,葉茎菜類,1443000,leaves.xls,R47,
2012,たまねぎ,葉茎菜類,1098000,leaves.xls,DG47,
2012,だいこん,根菜類,1469000,roots.xls,C47,
2012,はくさい,葉茎菜類,920700,leaves.xls,C47,
2012,トマト,果菜類,722400,fruits.xls,X47,
2012,レタス,葉茎菜類,566100,leaves.xls,BQ47,
2012,にんじん,根菜類,613200,roots.xls,R47,
2012,きゅうり,果菜類,586600,fruits.xls,C47,
2012,ねぎ,葉茎菜類,480900,leaves.xls,CO47,
2012,なす,果菜類,327400,fruits.xls,O47,
2012,ほうれんそう,葉茎菜類,263500,leaves.xls,AG47,
2012,ブロッコリー,葉茎菜類,137500,leaves.xls,BN47,
2012,ピーマン,果菜類,145000,fruits.xls,AV47,
2012,さといも,根菜類,172500,roots.xls,AS47,
2013,ばれいしょ,根菜類,2408000,roots.xls,AJ48,
2013,キャベツ,葉茎菜類,1440000,leaves.xls,R48,
2013,たまねぎ,葉茎菜類,1068000,leaves.xls,DG48,
2013,だいこん,根菜類,1457000,roots.xls,C48,
2013,はくさい,葉茎菜類,906300,leaves.xls,C48,
2013,トマト,果菜類,747500,fruits.xls,X48,
2013,レタス,葉茎菜類,579000,leaves.xls,BQ48,
2013,にんじん,根菜類,603900,roots.xls,R48,
2013,きゅうり,果菜類,574400,fruits.xls,C48,
2013,ねぎ,葉茎菜類,477500,leaves.xls,CO48,
2013,なす,果菜類,321200,fruits.xls,O48,
2013,ほうれんそう,葉茎菜類,250300,leaves.xls,AG48,
2013,ブロッコリー,葉茎菜類,137000,leaves.xls,BN48,
2013,ピーマン,果菜類,145300,fruits.xls,AV48,
2013,さといも,根菜類,162100,roots.xls,AS48,
2014,ばれいしょ,根菜類,2456000,roots.xls,AJ49,
2014,キャベツ,葉茎菜類,1480000,leaves.xls,R49,
2014,たまねぎ,葉茎菜類,1169000,leaves.xls,DG49,
2014,だいこん,根菜類,1452000,roots.xls,C49,
2014,はくさい,葉茎菜類,914400,leaves.xls,C49,
2014,トマト,果菜類,739900,fruits.xls,X49,
2014,レタス,葉茎菜類,577800,leaves.xls,BQ49,
2014,にんじん,根菜類,633200,roots.xls,R49,
2014,きゅうり,果菜類,548800,fruits.xls,C49,
2014,ねぎ,葉茎菜類,483900,leaves.xls,CO49,
2014,なす,果菜類,322700,fruits.xls,O49,
2014,ほうれんそう,葉茎菜類,257400,leaves.xls,AG49,
2014,ブロッコリー,葉茎菜類,145600,leaves.xls,BN49,
2014,ピーマン,果菜類,145300,fruits.xls,AV49,
2014,さといも,根菜類,165700,roots.xls,AS49,
2015,ばれいしょ,根菜類,2406000,roots.xls,AJ50,
2015,キャベツ,葉茎菜類,1469000,leaves.xls,R50,
2015,たまねぎ,葉茎菜類,1265000,leaves.xls,DG50,
2015,だいこん,根菜類,1434000,roots.xls,C50,
2015,はくさい,葉茎菜類,894600,leaves.xls,C50,
2015,トマト,果菜類,727000,fruits.xls,X50,
2015,レタス,葉茎菜類,568000,leaves.xls,BQ50,
2015,にんじん,根菜類,633100,roots.xls,R50,
2015,きゅうり,果菜類,549900,fruits.xls,C50,
2015,ねぎ,葉茎菜類,474500,leaves.xls,CO50,
2015,なす,果菜類,308900,fruits.xls,O50,
2015,ほうれんそう,葉茎菜類,250800,leaves.xls,AG50,
2015,ブロッコリー,葉茎菜類,150900,leaves.xls,BN50,
2015,ピーマン,果菜類,140400,fruits.xls,AV50,
2015,さといも,根菜類,153300,roots.xls,AS50,
2016,ばれいしょ,根菜類,2199000,roots.xls,AJ51,
2016,キャベツ,葉茎菜類,1446000,leaves.xls,R51,
2016,たまねぎ,葉茎菜類,1243000,leaves.xls,DG51,
2016,だいこん,根菜類,1362000,roots.xls,C51,
2016,はくさい,葉茎菜類,888700,leaves.xls,C51,
2016,トマト,果菜類,743200,fruits.xls,X51,
2016,レタス,葉茎菜類,585700,leaves.xls,BQ51,
2016,にんじん,根菜類,566800,roots.xls,R51,
2016,きゅうり,果菜類,550300,fruits.xls,C51,
2016,ねぎ,葉茎菜類,464800,leaves.xls,CO51,
2016,なす,果菜類,306000,fruits.xls,O51,
2016,ほうれんそう,葉茎菜類,247300,leaves.xls,AG51,
2016,ブロッコリー,葉茎菜類,142300,leaves.xls,BN51,
2016,ピーマン,果菜類,144800,fruits.xls,AV51,
2016,さといも,根菜類,154600,roots.xls,AS51,
2017,ばれいしょ,根菜類,2395000,roots.xls,AJ52,
2017,キャベツ,葉茎菜類,1428000,leaves.xls,R52,
2017,たまねぎ,葉茎菜類,1228000,leaves.xls,DG52,
2017,だいこん,根菜類,1325000,roots.xls,C52,
2017,はくさい,葉茎菜類,880900,leaves.xls,C52,
2017,トマト,果菜類,737200,fruits.xls,X52,
2017,レタス,葉茎菜類,583200,leaves.xls,BQ52,
2017,にんじん,根菜類,596500,roots.xls,R52,
2017,きゅうり,果菜類,559500,fruits.xls,C52,
2017,ねぎ,葉茎菜類,458800,leaves.xls,CO52,
2017,なす,果菜類,307800,fruits.xls,O52,
2017,ほうれんそう,葉茎菜類,228100,leaves.xls,AG52,
2017,ブロッコリー,葉茎菜類,144600,leaves.xls,BN52,
2017,ピーマン,果菜類,147000,fruits.xls,AV52,
2017,さといも,根菜類,148600,roots.xls,AS52,
2018,ばれいしょ,根菜類,2260000,roots.xls,AJ53,
2018,キャベツ,葉茎菜類,1467000,leaves.xls,R53,
2018,たまねぎ,葉茎菜類,1155000,leaves.xls,DG53,
2018,だいこん,根菜類,1328000,roots.xls,C53,
2018,はくさい,葉茎菜類,889900,leaves.xls,C53,
2018,トマト,果菜類,724200,fruits.xls,X53,
2018,レタス,葉茎菜類,585600,leaves.xls,BQ53,
2018,にんじん,根菜類,574700,roots.xls,R53,
2018,きゅうり,果菜類,550000,fruits.xls,C53,
2018,ねぎ,葉茎菜類,452900,leaves.xls,CO53,
2018,なす,果菜類,300400,fruits.xls,O53,
2018,ほうれんそう,葉茎菜類,228300,leaves.xls,AG53,
2018,ブロッコリー,葉茎菜類,153800,leaves.xls,BN53,
2018,ピーマン,果菜類,140300,fruits.xls,AV53,
2018,さといも,根菜類,144800,roots.xls,AS53,
2019,ばれいしょ,根菜類,2399000,roots.xls,AJ54,
2019,キャベツ,葉茎菜類,1472000,leaves.xls,R54,
2019,たまねぎ,葉茎菜類,1334000,leaves.xls,DG54,
2019,だいこん,根菜類,1300000,roots.xls,C54,
2019,はくさい,葉茎菜類,874800,leaves.xls,C54,
2019,トマト,果菜類,720600,fruits.xls,X54,
2019,レタス,葉茎菜類,578100,leaves.xls,BQ54,
2019,にんじん,根菜類,594900,roots.xls,R54,
2019,きゅうり,果菜類,548100,fruits.xls,C54,
2019,ねぎ,葉茎菜類,465300,leaves.xls,CO54,
2019,なす,果菜類,301700,fruits.xls,O54,
2019,ほうれんそう,葉茎菜類,217800,leaves.xls,AG54,
2019,ブロッコリー,葉茎菜類,169500,leaves.xls,BN54,
2019,ピーマン,果菜類,145700,fruits.xls,AV54,
2019,さといも,根菜類,140400,roots.xls,AS54,
2020,ばれいしょ,根菜類,2205000,roots.xls,AJ55,
2020,キャベツ,葉茎菜類,1434000,leaves.xls,R55,
2020,たまねぎ,葉茎菜類,1357000,leaves.xls,DG55,
2020,だいこん,根菜類,1254000,roots.xls,C55,
2020,はくさい,葉茎菜類,892300,leaves.xls,C55,
2020,トマト,果菜類,706000,fruits.xls,X55,
2020,レタス,葉茎菜類,563900,leaves.xls,BQ55,
2020,にんじん,根菜類,585900,roots.xls,R55,
2020,きゅうり,果菜類,539200,fruits.xls,C55,
2020,ねぎ,葉茎菜類,441100,leaves.xls,CO55,
2020,なす,果菜類,297000,fruits.xls,O55,
2020,ほうれんそう,葉茎菜類,213900,leaves.xls,AG55,
2020,ブロッコリー,葉茎菜類,174500,leaves.xls,BN55,
2020,ピーマン,果菜類,143100,fruits.xls,AV55,
2020,さといも,根菜類,139500,roots.xls,AS55,
2021,ばれいしょ,根菜類,2175000,roots.xls,AJ56,
2021,キャベツ,葉茎菜類,1485000,leaves.xls,R56,
2021,たまねぎ,葉茎菜類,1096000,leaves.xls,DG56,
2021,だいこん,根菜類,1251000,roots.xls,C56,
2021,はくさい,葉茎菜類,899900,leaves.xls,C56,
2021,トマト,果菜類,725200,fruits.xls,X56,
2021,レタス,葉茎菜類,546800,leaves.xls,BQ56,
2021,にんじん,根菜類,635500,roots.xls,R56,
2021,きゅうり,果菜類,551300,fruits.xls,C56,
2021,ねぎ,葉茎菜類,440400,leaves.xls,CO56,
2021,なす,果菜類,297700,fruits.xls,O56,
2021,ほうれんそう,葉茎菜類,210500,leaves.xls,AG56,
2021,ブロッコリー,葉茎菜類,171600,leaves.xls,BN56,
2021,ピーマン,果菜類,148500,fruits.xls,AV56,
2021,さといも,根菜類,142700,roots.xls,AS56,
2022,ばれいしょ,根菜類,2283000,roots.xls,AJ57,
2022,キャベツ,葉茎菜類,1458000,leaves.xls,R57,
2022,たまねぎ,葉茎菜類,1219000,leaves.xls,DG57,
2022,だいこん,根菜類,1181000,roots.xls,C57,
2022,はくさい,葉茎菜類,874600,leaves.xls,C57,
2022,トマト,果菜類,707900,fruits.xls,X57,
2022,レタス,葉茎菜類,552800,leaves.xls,BQ57,
2022,にんじん,根菜類,582100,roots.xls,R57,
2022,きゅうり,果菜類,548600,fruits.xls,C57,
2022,ねぎ,葉茎菜類,442500,leaves.xls,CO57,
2022,なす,果菜類,294600,fruits.xls,O57,
2022,ほうれんそう,葉茎菜類,209800,leaves.xls,AG57,
2022,ブロッコリー,葉茎菜類,172900,leaves.xls,BN57,
2022,ピーマン,果菜類,150000,fruits.xls,AV57,
2022,さといも,根菜類,138700,roots.xls,AS57,
2023,ばれいしょ,根菜類,2364000,roots.xls,AJ58,
2023,キャベツ,葉茎菜類,1434000,leaves.xls,R58,
2023,たまねぎ,葉茎菜類,1174000,leaves.xls,DG58,
2023,だいこん,根菜類,1141000,roots.xls,C58,
2023,はくさい,葉茎菜類,852100,leaves.xls,C58,
2023,トマト,果菜類,681400,fruits.xls,X58,
2023,レタス,葉茎菜類,546100,leaves.xls,BQ58,
2023,にんじん,根菜類,567000,roots.xls,R58,
2023,きゅうり,果菜類,530200,fruits.xls,C58,
2023,ねぎ,葉茎菜類,416300,leaves.xls,CO58,
2023,なす,果菜類,288800,fruits.xls,O58,
2023,ほうれんそう,葉茎菜類,206800,leaves.xls,AG58,
2023,ブロッコリー,葉茎菜類,171400,leaves.xls,BN58,
2023,ピーマン,果菜類,144000,fruits.xls,AV58,
2023,さといも,根菜類,126700,roots.xls,AS58,
2024,ばれいしょ,根菜類,2295000,roots.xls,AJ59,
2024,キャベツ,葉茎菜類,1294000,leaves.xls,R59,
2024,たまねぎ,葉茎菜類,1126000,leaves.xls,DG59,
2024,だいこん,根菜類,1082000,roots.xls,C59,
2024,はくさい,葉茎菜類,827000,leaves.xls,C59,
2024,トマト,果菜類,663600,fruits.xls,X59,
2024,レタス,葉茎菜類,534300,leaves.xls,BQ59,
2024,にんじん,根菜類,530900,roots.xls,R59,
2024,きゅうり,果菜類,502900,fruits.xls,C59,
2024,ねぎ,葉茎菜類,399200,leaves.xls,CO59,
2024,なす,果菜類,280200,fruits.xls,O59,
2024,ほうれんそう,葉茎菜類,189900,leaves.xls,AG59,
2024,ブロッコリー,葉茎菜類,160500,leaves.xls,BN59,
2024,ピーマン,果菜類,143000,fruits.xls,AV59,
2024,さといも,根菜類,118900,roots.xls,AS59,
